Abeer	f
Adel	m
Afshan	f
Afshin	m
Ahmad	m
Ahmadreza	m
Akbar	m
Akhtar	f
Ali	m
Ali Akbar	m
Ali Mohammad	m
Ali Reza	m
Alireza	m
Amin	m
Amir	m
Amir Hossein	m
Amir Mahdi	m
Amirhossein	m
Anita	f
Arash	m
Arsal	m
Arya	f
Ashiq	m
Azade	f
Azadeh	f
Azarm	f
Babak	m
Bahador	m
Behnam	m
Behrooz	m
Behrouz	m
Biplob	m
Brian	m
Claire	f
Cody	m
Darshak	m
Dr	m
Dr.	m
Ebrahim	m
Effat	f
Ehab	m
Ehsan	m
Elaheh	f
Elaine	f
Ensiyeh	f
Erfan	m
Esmaeil	m
Fadi	m
Faezeh	f
Fahimeh	f
Farah	f
Faraz	m
Fardad	m
Fardin	m
Farshid	m
Farzad	m
Farzaneh	f
Fatemeh	f
Fida	m
Ghasem	m
Gholamhossein	m
Gholamreza	m
Haadi	m
Hadi	m
Hakim	m
Haleh	f
Hamed	m
Hamid	m
Hamid Reza	m
Hassan	m
Homayoon	m
Hootan	m
Hossein	m
Houman	m
Iman	m
Jaleh	f
Jarai	f
Javad	m
Jingxian	f
Jinyue	f
Kamez	m
Kamyar	m
Kaveh	m
Khashayar	m
Kiarash	m
Laleh	f
Lina	f
M	m
Madani	m
Mahboubeh	f
Mahdi	m
Mahmoud	m
Mahsa	f
Majid	m
Malla	m
Maria	f
Maryam	f
Masoud	m
Maysam	m
Mehdi	m
Mehrdad	m
Milad	m
Misagh	m
Mohammad	m
Mohammad Ali	m
Mohammad Hasan	m
Mohammad Hassan	m
Mohammad Hossein	m
Mohammad Javad	m
Mohammadi	m
Mohammadreza	m
MohammadReza	m
Mohammadsadegh	m
Mohammed	m
Mohsen	m
Mojtaba	m
Morteza	m
Mousavi	m
Mr.	m
Mrs.	f
Naren	m
Narges	f
Naser	m
Naser Ali	m
Navid	m
Neda	f
Niloufar	f
Nima	m
None	f
Omid	m
Ostadi	m
Parisa	f
Payam	m
Pegah	f
Peyman	m
Pooya	m
Qi	m
Rahim	m
Rahimi	m
Ramin	m
Reza	m
Rezvan	f
Rezvaneh	f
Saba	f
Sadaf	f
Sadegh	m
Saeed	m
Saeid	m
Salar	m
Sam	m
Samira	f
Samuel	m
Sara	f
Sarah	f
Sayed Amir	m
Sayed Hadi	m
Sayed Hossein	m
Sayed Jalal	m
Sayed Mahdi	m
Sayed Mehdi	m
Sayed Mehran	m
Sayed Mohammad Hossein	m
Sayed Payam	m
Sayed Reza	m
Sayed Saman	m
Sean	m
Selma	f
Shabnam	f
Shahin	m
Shahriyar	m
Shervin	m
Shima	f
Shokoofeh	f
Soheil	m
Somayeh	f
Sydney	f
Tannaz	f
Tejala	f
Tony	m
Usman	m
Vahid	m
Yasaman	f
Zahra	f
Zeinab	f
